No,Category,Token/Element,M3 Spec / Role,Description,CSS Token / Implementation,Values / Specs,Usage & Best Practices
1,Color Roles,primary,Primary Key Color,High-emphasis key color for prominent components like FABs and primary buttons,--md-sys-color-primary,HCT Chroma 48+ Light: Tone 40 Dark: Tone 80,Use for the single most important action on a screen. Never overuse.
2,Color Roles,on-primary,On-Primary Foreground,Content color displayed on top of primary color (text and icons),--md-sys-color-on-primary,Light: Tone 100 (#FFFFFF) Dark: Tone 20,Ensures >= 4.5:1 contrast against the primary container/button.
3,Color Roles,primary-container,Primary Container,Lower-emphasis fill color for primary elements (tonal buttons active states),--md-sys-color-primary-container,Light: Tone 90 Dark: Tone 30,Use for containers needing primary emphasis without dominant weight.
4,Color Roles,on-primary-container,On-Primary Container,Foreground color for text/icons placed on primary-container,--md-sys-color-on-primary-container,Light: Tone 10 Dark: Tone 90,High-contrast text on primary-container backgrounds.
5,Color Roles,secondary,Secondary Key Color,Less prominent components like filter chips and badges,--md-sys-color-secondary,Light: Tone 40 Dark: Tone 80,Complements primary for secondary UI elements and accents.
6,Color Roles,on-secondary,On-Secondary Foreground,Content color for elements resting on secondary key color,--md-sys-color-on-secondary,Light: Tone 100 Dark: Tone 20,Text/icons on secondary button or filled chip.
7,Color Roles,secondary-container,Secondary Container,Container fill color for secondary emphasis elements,--md-sys-color-secondary-container,Light: Tone 90 Dark: Tone 30,Used for tonal chips bottom navigation active pill indicators.
8,Color Roles,on-secondary-container,On-Secondary Container,Foreground color on secondary container backgrounds,--md-sys-color-on-secondary-container,Light: Tone 10 Dark: Tone 90,Ensures readable text on secondary container chips and pills.
9,Color Roles,tertiary,Tertiary Accent Color,Contrasting accent color used for creative balance and variety,--md-sys-color-tertiary,Light: Tone 40 Dark: Tone 80,Used for distinct third-party badges highlights and co-branding.
10,Color Roles,on-tertiary,On-Tertiary Foreground,Foreground text and icons on tertiary accent color,--md-sys-color-on-tertiary,Light: Tone 100 Dark: Tone 20,High contrast content on tertiary elements.
11,Color Roles,tertiary-container,Tertiary Container,Fill color for tertiary containers and notifications,--md-sys-color-tertiary-container,Light: Tone 90 Dark: Tone 30,Used for callouts banners and specialized product categories.
12,Color Roles,on-tertiary-container,On-Tertiary Container,Content color on tertiary container backgrounds,--md-sys-color-on-tertiary-container,Light: Tone 10 Dark: Tone 90,Ensures readability on tertiary banners and highlights.
13,Color Roles,error,Error State Color,Indicates errors alerts and destructive states,--md-sys-color-error,Light: Tone 40 (#BA1A1A) Dark: Tone 80,Use for error banners invalid input borders and destructive actions.
14,Color Roles,on-error,On-Error Foreground,Content text/icons on error background,--md-sys-color-on-error,Light: Tone 100 (#FFFFFF) Dark: Tone 20,Text inside error badges or destructive buttons.
15,Color Roles,error-container,Error Container,Fill color for error alert boxes and banners,--md-sys-color-error-container,Light: Tone 90 Dark: Tone 30,Background for error alerts snackbars and inline warnings.
16,Color Roles,on-error-container,On-Error Container,Text/icon color on error-container fill,--md-sys-color-on-error-container,Light: Tone 10 Dark: Tone 90,High readability text on error message boxes.
17,Surface Containers,surface-dim,Surface Dim Background,Darkest ambient surface option in light mode,--md-sys-color-surface-dim,Light: Tone 87 Dark: Tone 6,Provides strong grounding behind elevated containers.
18,Surface Containers,surface,Default Surface,Baseline neutral surface for app backgrounds and windows,--md-sys-color-surface,Light: Tone 98 Dark: Tone 6,Base layer upon which all other surfaces and containers sit.
19,Surface Containers,surface-bright,Surface Bright,Brightest ambient surface option in dark mode,--md-sys-color-surface-bright,Light: Tone 98 Dark: Tone 24,Used for high-visibility dark mode contrast areas.
20,Surface Containers,surface-container-lowest,Surface Container Lowest,Lowest container elevation tier for subtle containment,--md-sys-color-surface-container-lowest,Light: Tone 100 (#FFFFFF) Dark: Tone 4,Used for cards on dim backgrounds or flat list groupings.
21,Surface Containers,surface-container-low,Surface Container Low,Low container elevation tier for content groupings,--md-sys-color-surface-container-low,Light: Tone 96 Dark: Tone 10,Used for contained cards side sheets and form panels.
22,Surface Containers,surface-container,Surface Container Default,Default container elevation tier for cards and dialogs,--md-sys-color-surface-container,Light: Tone 94 Dark: Tone 12,Standard container for cards dialog boxes and menus.
23,Surface Containers,surface-container-high,Surface Container High,High container tier for floating panels and pickers,--md-sys-color-surface-container-high,Light: Tone 92 Dark: Tone 17,Used for elevated search bars and modal sheets.
24,Surface Containers,surface-container-highest,Surface Container Highest,Highest container tier for prominent overlays,--md-sys-color-surface-container-highest,Light: Tone 90 Dark: Tone 22,Used for active dialogs bottom sheets and floating menus.
25,Outline & Borders,outline,Outline Strong,Boundary line for high-contrast inputs and outlines,--md-sys-color-outline,Light: Tone 50 Dark: Tone 60,Used for outlines of text fields and unselected buttons.
26,Outline & Borders,outline-variant,Outline Subtle Variant,Soft boundary line for card dividers and list separators,--md-sys-color-outline-variant,Light: Tone 80 Dark: Tone 30,Subtle divider between content sections without visual clutter.
27,Elevation Levels,elevation-level-0,Level 0 Elevation (0dp),Flat surface with no shadow and 0% surface tint,--md-sys-elevation-level0,0dp blur: none tint: 0%,Default background surfaces and inline cards.
28,Elevation Levels,elevation-level-1,Level 1 Elevation (1dp),Subtle elevation for cards and search bars,--md-sys-elevation-level1,1dp shadow: 0 1px 3px rgba(0 0 0 / 0.12) tint: 5%,Default for elevated cards and bottom app bars.
29,Elevation Levels,elevation-level-2,Level 2 Elevation (3dp),Medium elevation for hover states and small popups,--md-sys-elevation-level2,3dp shadow: 0 2px 6px rgba(0 0 0 / 0.15) tint: 8%,Hover state for cards and contained buttons.
30,Elevation Levels,elevation-level-3,Level 3 Elevation (6dp),Prominent elevation for floating action buttons (FAB),--md-sys-elevation-level3,6dp shadow: 0 4px 12px rgba(0 0 0 / 0.18) tint: 11%,Standard resting elevation for Floating Action Buttons.
31,Elevation Levels,elevation-level-4,Level 4 Elevation (8dp),High elevation for active FABs and floating sheets,--md-sys-elevation-level4,8dp shadow: 0 6px 16px rgba(0 0 0 / 0.20) tint: 12%,Hover/pressed state for FABs and top sheets.
32,Elevation Levels,elevation-level-5,Level 5 Elevation (12dp),Maximum elevation for modal dialogs and time pickers,--md-sys-elevation-level5,12dp shadow: 0 8px 24px rgba(0 0 0 / 0.24) tint: 14%,Modal dialogs date/time pickers and scrim overlays.
33,Typography Scale,display-large,Display Large Typography,Hero header for large editorial screens and splash headers,--md-sys-typescale-display-large,57px line-height: 64px tracking: -0.25px weight: 400,Reserved for short punchy titles and hero landing screens.
34,Typography Scale,display-medium,Display Medium Typography,Prominent section display header on tablets and desktops,--md-sys-typescale-display-medium,45px line-height: 52px tracking: 0px weight: 400,High-impact headlines in marketing or dashboard views.
35,Typography Scale,display-small,Display Small Typography,Display header for compact viewports and smaller heroes,--md-sys-typescale-display-small,36px line-height: 44px tracking: 0px weight: 400,Compact viewport primary headers.
36,Typography Scale,headline-large,Headline Large Typography,Major page and section titles,--md-sys-typescale-headline-large,32px line-height: 40px tracking: 0px weight: 400,Top-level screen headings on mobile and tablet.
37,Typography Scale,headline-medium,Headline Medium Typography,Secondary section headers and category titles,--md-sys-typescale-headline-medium,28px line-height: 36px tracking: 0px weight: 400,Section headings inside multi-section views.
38,Typography Scale,headline-small,Headline Small Typography,Card headers and small section titles,--md-sys-typescale-headline-small,24px line-height: 32px tracking: 0px weight: 400,Primary title inside large cards and bottom sheets.
39,Typography Scale,title-large,Title Large Typography,Top App Bar title and modal titles,--md-sys-typescale-title-large,22px line-height: 28px tracking: 0px weight: 400,Standard title for app bars and confirmation dialogs.
40,Typography Scale,title-medium,Title Medium Typography,Medium sub-headers and list section titles,--md-sys-typescale-title-medium,16px line-height: 24px tracking: 0.15px weight: 500,Medium emphasis headers for list sections and tab labels.
41,Typography Scale,title-small,Title Small Typography,Dense item headers and table column headers,--md-sys-typescale-title-small,14px line-height: 20px tracking: 0.1px weight: 500,Compact card titles and dense table headings.
42,Typography Scale,body-large,Body Large Typography,Main body paragraph text on web and tablet,--md-sys-typescale-body-large,16px line-height: 24px tracking: 0.5px weight: 400,Optimal reading size for continuous reading and articles.
43,Typography Scale,body-medium,Body Medium Typography,Default body copy on mobile and dense screens,--md-sys-typescale-body-medium,14px line-height: 20px tracking: 0.25px weight: 400,Standard body copy for mobile apps and dashboard metrics.
44,Typography Scale,body-small,Body Small Typography,Captions helper text and timestamps,--md-sys-typescale-body-small,12px line-height: 16px tracking: 0.4px weight: 400,Helper text below input fields and card sub-metadata.
45,Typography Scale,label-large,Label Large Typography,Button text interactive labels and chip copy,--md-sys-typescale-label-large,14px line-height: 20px tracking: 0.1px weight: 500,Primary CTA button labels and segmented control text.
46,Typography Scale,label-medium,Label Medium Typography,Badge labels small chips and metadata tags,--md-sys-typescale-label-medium,12px line-height: 16px tracking: 0.5px weight: 500,Small chips table cell status badges and tooltips.
47,Typography Scale,label-small,Label Small Typography,Fine print navigation labels and notification counts,--md-sys-typescale-label-small,11px line-height: 16px tracking: 0.5px weight: 500,Bottom navigation bar label under icons.
48,Shape Tokens,corner-none,Shape None (0px),Square corners for full-bleed images and dividers,--md-sys-shape-corner-none,0px,Full-bleed banners and full-width container edges.
49,Shape Tokens,corner-extra-small,Shape Extra Small (4px),Very slight rounding for inputs and snackbars,--md-sys-shape-corner-extra-small,4px,Text field containers snackbar notifications and autocomplete.
50,Shape Tokens,corner-small,Shape Small (8px),Small rounding for chips and tooltips,--md-sys-shape-corner-small,8px,Chips tooltips and small status tags.
51,Shape Tokens,corner-medium,Shape Medium (12px),Standard rounding for cards and small dialogs,--md-sys-shape-corner-medium,12px,Cards media items and compact modal dialogs.
52,Shape Tokens,corner-large,Shape Large (16px),Prominent rounding for navigation drawers and FABs,--md-sys-shape-corner-large,16px,Navigation drawers Floating Action Buttons and modal bottom sheets.
53,Shape Tokens,corner-extra-large,Shape Extra Large (28px),Expressive rounding for large dialogs and time pickers,--md-sys-shape-corner-extra-large,28px,Standard dialogs date/time pickers and search bars.
54,Shape Tokens,corner-full,Shape Full Pill (9999px),Pill rounding for buttons badges and search inputs,--md-sys-shape-corner-full,9999px (full pill),Buttons badges active navigation pills and rounded search bars.
55,Motion & Easing,emphasized-decelerate,Emphasized Decelerate Easing,Entrance animation for incoming elements,--md-sys-motion-easing-emphasized-decelerate,cubic-bezier(0.05 0.7 0.1 1.0) duration: 400ms,Used when elements enter the screen (modals drawers dialogs).
56,Motion & Easing,emphasized-accelerate,Emphasized Accelerate Easing,Exit animation for dismissed elements,--md-sys-motion-easing-emphasized-accelerate,cubic-bezier(0.3 0.0 0.8 0.15) duration: 200ms,Used when elements exit the screen (dismissed sheets closed dialogs).
57,Motion & Easing,standard,Standard Easing,On-screen transitions and morphing animations,--md-sys-motion-easing-standard,cubic-bezier(0.2 0.0 0 1.0) duration: 300ms,Used for icon transitions color morphing and position shifts.
58,Components,filled-button,Filled Button (Primary CTA),Highest visual impact button with primary fill and on-primary text,btn-m3-filled,bg-primary text-on-primary rounded-full h-10 px-6,One per view for the primary affirmative action.
59,Components,tonal-button,Tonal Button (Secondary CTA),Medium-high emphasis button using secondary-container fill,btn-m3-tonal,bg-secondary-container text-on-secondary-container rounded-full h-10 px-6,Secondary actions requiring more weight than outlined buttons.
60,Components,elevated-button,Elevated Button,Elevated button with surface fill and shadow for contrast on busy backgrounds,btn-m3-elevated,bg-surface text-primary shadow-sm hover:shadow-md rounded-full h-10 px-6,Use on top of colorful cards or full-bleed images.
61,Components,outlined-button,Outlined Button,Medium-low emphasis button with outline border and transparent fill,btn-m3-outlined,border border-outline text-primary rounded-full h-10 px-6,Secondary alternate actions (Cancel Dismiss Filter).
62,Components,text-button,Text Button,Low emphasis button with no container or border,btn-m3-text,text-primary hover:bg-primary/10 rounded-full h-10 px-4,Tertiary actions inline links or dialog footer actions.
63,Components,floating-action-button,Floating Action Button (FAB),Prominent floating button executing the screen's core constructive action,fab-m3,bg-primary-container text-on-primary-container rounded-2xl w-14 h-14 shadow-lg,Placed bottom-right on mobile. Creates a new item or initiates main workflow.
64,Components,navigation-bar,Bottom Navigation Bar,Primary mobile navigation bar supporting 3-5 destinations,nav-bar-m3,bg-surface-container h-20 flex justify-around items-center,Used on Compact screens (<600dp). Active destination has pill indicator.
65,Components,navigation-rail,Navigation Rail,Vertical side navigation for tablet and foldable screens,nav-rail-m3,bg-surface w-20 flex flex-col items-center py-4,Used on Medium screens (600-839dp). Houses top FAB and 3-7 destinations.
66,Components,navigation-drawer,Navigation Drawer,Full vertical navigation drawer for desktop and large screens,nav-drawer-m3,bg-surface-container-low w-72 flex flex-col p-3,Used on Expanded screens (>=840dp). Can be modal or permanent.
67,Adaptive Layouts,compact-window,Compact Window Class (<600dp),Mobile portrait layout with single column and bottom navigation,layout-compact,width: <600dp margins: 16dp columns: 4 nav: Navigation Bar,Single-pane layout with bottom app bar and full-width list cards.
68,Adaptive Layouts,medium-window,Medium Window Class (600-839dp),Tablet and foldable screen layout with side navigation rail,layout-medium,width: 600-839dp margins: 24dp columns: 8 nav: Navigation Rail,Two-column or list-detail preview layout with vertical rail.
69,Adaptive Layouts,expanded-window,Expanded Window Class (>=840dp),Desktop and landscape tablet layout with drawer and multi-pane views,layout-expanded,width: >=840dp margins: 24dp columns: 12 nav: Permanent Drawer,Multi-pane list-detail or dashboard grid with persistent navigation drawer.
